{"cameraMode":{"drawMode":0,"name":"Shaded","section":"Shading Mode"},"sceneLighting":true,"audioPlay":false,"sceneViewState":{"m_AlwaysRefresh":false,"showFog":true,"showSkybox":true,"showFlares":true,"showImageEffects":true,"showParticleSystems":true,"showVisualEffectGraphs":true,"m_FxEnabled":true},"in2DMode":false,"pivot":{"x":-2.3920302391052248,"y":4.442143440246582,"z":10.2105131149292},"rotation":{"x":0.014188095927238465,"y":0.9806870222091675,"z":-0.1040424183011055,"w":0.16863568127155305},"size":0.12450875341892243,"orthographic":false}